Datetime,Water Level (m)
2026-04-22 06:00:00,-8.501
2026-04-22 07:00:00,-8.501
2026-04-22 08:00:00,-8.501
2026-04-22 09:00:00,-8.501
2026-04-22 10:00:00,-8.501
2026-04-22 11:00:00,-8.501
2026-04-22 12:00:00,-8.501
2026-04-22 13:00:00,-8.501
2026-04-22 14:00:00,-8.501
2026-04-22 15:00:00,-8.501
2026-04-22 16:00:00,-8.501
2026-04-22 17:00:00,-8.501
2026-04-22 18:00:00,-8.501
2026-04-22 19:00:00,-8.501
2026-04-22 20:00:00,-8.501
2026-04-22 21:00:00,-8.501
2026-04-22 22:00:00,-8.501
2026-04-22 23:00:00,-0.039483134
2026-04-23 00:00:00,-8.501
2026-04-23 01:00:00,-8.501
2026-04-23 02:00:00,-8.501
2026-04-23 03:00:00,-8.501
2026-04-23 04:00:00,0.09896403
2026-04-23 05:00:00,-8.501
2026-04-23 06:00:00,-8.501
2026-04-23 07:00:00,0.12371733
2026-04-23 08:00:00,0.10827844
2026-04-23 09:00:00,0.0998513
2026-04-23 10:00:00,-8.501
2026-04-23 11:00:00,0.102863796
2026-04-23 12:00:00,-8.501
2026-04-23 13:00:00,-8.501
2026-04-23 14:00:00,-8.501
2026-04-23 15:00:00,-8.501
2026-04-23 16:00:00,-8.501
2026-04-23 17:00:00,-8.501
2026-04-23 18:00:00,-8.501
2026-04-23 19:00:00,0.15099062
2026-04-23 20:00:00,0.13406718
2026-04-23 21:00:00,0.1326028
2026-04-23 22:00:00,0.12710759
2026-04-23 23:00:00,0.116991915
2026-04-24 00:00:00,0.10915204
2026-04-24 01:00:00,0.10683634
2026-04-24 02:00:00,-8.501
2026-04-24 03:00:00,-8.501
2026-04-24 04:00:00,-8.501
2026-04-24 05:00:00,-8.501
2026-04-24 06:00:00,-8.501
2026-04-24 07:00:00,-8.501
2026-04-24 08:00:00,-8.501
2026-04-24 09:00:00,-8.501
2026-04-24 10:00:00,0.1061415
2026-04-24 11:00:00,0.1053567
2026-04-24 12:00:00,0.10463449
2026-04-24 13:00:00,-8.501
2026-04-24 14:00:00,-8.501
2026-04-24 15:00:00,-8.501
2026-04-24 16:00:00,-8.501
2026-04-24 17:00:00,-8.501
2026-04-24 18:00:00,-8.501
2026-04-24 19:00:00,-8.501
2026-04-24 20:00:00,-8.501
2026-04-24 21:00:00,-8.501
2026-04-24 22:00:00,0.13711661
2026-04-24 23:00:00,0.13348556
2026-04-25 00:00:00,0.12929064
2026-04-25 01:00:00,0.12003626
2026-04-25 02:00:00,0.10915059
2026-04-25 03:00:00,-8.501
2026-04-25 04:00:00,-8.501
2026-04-25 05:00:00,-8.501
2026-04-25 06:00:00,-8.501
2026-04-25 07:00:00,-8.501
2026-04-25 08:00:00,-8.501
2026-04-25 09:00:00,-8.501
2026-04-25 10:00:00,-8.501
2026-04-25 11:00:00,-8.501
2026-04-25 12:00:00,0.16527453
2026-04-25 13:00:00,0.09810163
2026-04-25 14:00:00,-8.501
2026-04-25 15:00:00,-8.501
2026-04-25 16:00:00,-8.501
2026-04-25 17:00:00,-8.501
2026-04-25 18:00:00,-8.501
2026-04-25 19:00:00,-8.501
2026-04-25 20:00:00,-8.501
2026-04-25 21:00:00,-8.501
2026-04-25 22:00:00,-8.501
2026-04-25 23:00:00,0.15720935
2026-04-26 00:00:00,0.1588014
2026-04-26 01:00:00,0.15182853
2026-04-26 02:00:00,0.14130765
2026-04-26 03:00:00,0.10938468
2026-04-26 04:00:00,-8.501
2026-04-26 05:00:00,-8.501
2026-04-26 06:00:00,-8.501
2026-04-26 07:00:00,-8.501
2026-04-26 08:00:00,-8.501
2026-04-26 09:00:00,-8.501
2026-04-26 10:00:00,-8.501
2026-04-26 11:00:00,0.03915242
2026-04-26 12:00:00,0.19426818
2026-04-26 13:00:00,0.19337617
2026-04-26 14:00:00,0.16614524
2026-04-26 15:00:00,0.15780035
2026-04-26 16:00:00,0.13836868
2026-04-26 17:00:00,0.10050528
2026-04-26 18:00:00,0.09979718
2026-04-26 19:00:00,-8.501
2026-04-26 20:00:00,0.23047353
2026-04-26 21:00:00,0.16132961
2026-04-26 22:00:00,0.1710615
2026-04-26 23:00:00,0.18625727
2026-04-27 00:00:00,0.19261262
2026-04-27 01:00:00,0.18541147
2026-04-27 02:00:00,0.18416518
2026-04-27 03:00:00,0.1836498
2026-04-27 04:00:00,0.18097575
2026-04-27 05:00:00,0.17571189
2026-04-27 06:00:00,0.1753888
2026-04-27 07:00:00,0.17753094
2026-04-27 08:00:00,0.18447246
2026-04-27 09:00:00,0.19513413
2026-04-27 10:00:00,0.20791252
2026-04-27 11:00:00,0.21681741
2026-04-27 12:00:00,0.2280228
2026-04-27 13:00:00,0.24105829
2026-04-27 14:00:00,0.24940248
2026-04-27 15:00:00,0.24917842
2026-04-27 16:00:00,0.24215652
2026-04-27 17:00:00,0.23810062
2026-04-27 18:00:00,0.24067566
2026-04-27 19:00:00,0.25074333
2026-04-27 20:00:00,0.26760802
2026-04-27 21:00:00,0.2875741
2026-04-27 22:00:00,0.3062868
2026-04-27 23:00:00,0.3235956
2026-04-28 00:00:00,0.33653054
2026-04-28 01:00:00,0.34214827
2026-04-28 02:00:00,0.34593022
2026-04-28 03:00:00,0.34670419
2026-04-28 04:00:00,0.33990383
2026-04-28 05:00:00,0.33497137
2026-04-28 06:00:00,0.33069816
